{
  "total_materials": 578,
  "material_types": {
    "anode": 279,
    "cathode": 258,
    "electrolyte": 41
  },
  "capacity_by_c_rate": {
    "0.0": {
      "mean": 261.89,
      "median": 198.5,
      "max": 701.4,
      "min": 98.5,
      "count": 10
    },
    "400.0": {
      "mean": 80.0,
      "median": 80.0,
      "max": 140.0,
      "min": 20.0,
      "count": 2
    },
    "1000.0": {
      "mean": 292.84000000000003,
      "median": 280.0,
      "max": 549.2,
      "min": 102.0,
      "count": 5
    },
    "1.0": {
      "mean": 234.6480952380952,
      "median": 240.3,
      "max": 460.0,
      "min": 15.24,
      "count": 21
    },
    "10.0": {
      "mean": 135.52,
      "median": 115.3,
      "max": 410.8,
      "min": 42.0,
      "count": 25
    },
    "20.0": {
      "mean": 224.23478260869564,
      "median": 252.0,
      "max": 479.0,
      "min": 70.0,
      "count": 23
    },
    "50.0": {
      "mean": 153.46666666666667,
      "median": 144.7,
      "max": 455.0,
      "min": 23.0,
      "count": 15
    },
    "80.0": {
      "mean": 34.0,
      "median": 34.0,
      "max": 34.0,
      "min": 34.0,
      "count": 1
    },
    "30.0": {
      "mean": 75.0,
      "median": 75.0,
      "max": 75.0,
      "min": 75.0,
      "count": 1
    },
    "40.0": {
      "mean": 65.975,
      "median": 69.5,
      "max": 77.9,
      "min": 47.0,
      "count": 4
    },
    "5.0": {
      "mean": 220.94444444444443,
      "median": 247.0,
      "max": 431.0,
      "min": 52.0,
      "count": 9
    },
    "15.0": {
      "mean": 120.89999999999999,
      "median": 129.2,
      "max": 129.2,
      "min": 104.3,
      "count": 3
    },
    "1500.0": {
      "mean": 79.1,
      "median": 79.1,
      "max": 79.1,
      "min": 79.1,
      "count": 1
    },
    "100.0": {
      "mean": 374.1782608695652,
      "median": 344.0,
      "max": 929.6,
      "min": 51.1,
      "count": 23
    },
    "200.0": {
      "mean": 176.2875,
      "median": 91.4,
      "max": 602.8,
      "min": 30.7,
      "count": 8
    },
    "500.0": {
      "mean": 258.95166666666665,
      "median": 209.5,
      "max": 586.83,
      "min": 56.0,
      "count": 18
    },
    "2000.0": {
      "mean": 180.1,
      "median": 180.1,
      "max": 250.0,
      "min": 110.2,
      "count": 2
    },
    "5000.0": {
      "mean": 229.0,
      "median": 229.0,
      "max": 230.0,
      "min": 228.0,
      "count": 2
    },
    "0.2": {
      "mean": 269.63117647058823,
      "median": 235.0,
      "max": 590.7,
      "min": 90.0,
      "count": 17
    },
    "0.5": {
      "mean": 269.09230769230766,
      "median": 265.3,
      "max": 523.8,
      "min": 104.0,
      "count": 13
    },
    "2.0": {
      "mean": 215.2909090909091,
      "median": 225.8,
      "max": 387.1,
      "min": 75.0,
      "count": 11
    },
    "0.1": {
      "mean": 401.08233333333334,
      "median": 356.5,
      "max": 803.0,
      "min": 114.0,
      "count": 30
    },
    "0.01": {
      "mean": 352.85714285714283,
      "median": 300.0,
      "max": 750.0,
      "min": 20.0,
      "count": 7
    },
    "170.0": {
      "mean": 76.36666666666666,
      "median": 76.85,
      "max": 105.2,
      "min": 53.8,
      "count": 6
    },
    "34.0": {
      "mean": 85.67999999999999,
      "median": 89.1,
      "max": 94.1,
      "min": 72.4,
      "count": 5
    },
    "85.0": {
      "mean": 82.30000000000001,
      "median": 82.30000000000001,
      "max": 87.2,
      "min": 77.4,
      "count": 2
    },
    "340.0": {
      "mean": 76.19999999999999,
      "median": 76.19999999999999,
      "max": 79.6,
      "min": 72.8,
      "count": 2
    },
    "850.0": {
      "mean": 58.6,
      "median": 58.6,
      "max": 58.6,
      "min": 58.6,
      "count": 1
    },
    "68.0": {
      "mean": 89.3,
      "median": 89.3,
      "max": 89.3,
      "min": 89.3,
      "count": 1
    },
    "1700.0": {
      "mean": 57.05,
      "median": 57.05,
      "max": 65.7,
      "min": 48.4,
      "count": 2
    },
    "3400.0": {
      "mean": 12.7,
      "median": 12.7,
      "max": 12.7,
      "min": 12.7,
      "count": 1
    },
    "0.05": {
      "mean": 357.8,
      "median": 355.0,
      "max": 425.0,
      "min": 277.0,
      "count": 5
    },
    "0.8": {
      "mean": 135.0,
      "median": 135.0,
      "max": 135.0,
      "min": 135.0,
      "count": 1
    },
    "700.0": {
      "mean": 137.0,
      "median": 137.0,
      "max": 137.0,
      "min": 137.0,
      "count": 1
    },
    "4.0": {
      "mean": 180.33499999999998,
      "median": 180.33499999999998,
      "max": 199.67,
      "min": 161.0,
      "count": 2
    },
    "6.0": {
      "mean": 172.31,
      "median": 172.31,
      "max": 172.31,
      "min": 172.31,
      "count": 1
    },
    "60.0": {
      "mean": 67.76666666666667,
      "median": 65.7,
      "max": 71.9,
      "min": 65.7,
      "count": 3
    },
    "18.9": {
      "mean": 288.42857142857144,
      "median": 229.0,
      "max": 609.0,
      "min": 178.0,
      "count": 7
    },
    "378.0": {
      "mean": 120.0,
      "median": 124.0,
      "max": 136.0,
      "min": 100.0,
      "count": 3
    }
  },
  "top_materials_1C": {
    "FeS/CFs-1": 460.0,
    "Co9S8@C/3DNCF": 400.4,
    "MoS1.5Te0.5@C nanocables": 355.4
  },
  "common_starting_materials": {
    "Sodium carbonate": 15,
    "Na2CO3": 12,
    "thiourea": 11,
    "deionized water": 11,
    "Citric acid": 10,
    "Ammonium dihydrogen phosphate": 10,
    "Ammonium metavanadate": 9,
    "ethanol": 9,
    "Iron(III) nitrate nonahydrate": 9,
    "graphene oxide": 9
  }
}