{
  "total_materials": 987,
  "material_types": {
    "anode": 546,
    "cathode": 408,
    "electrolyte": 33
  },
  "materials_by_year": {
    "2016.0": 36,
    "2017.0": 43,
    "2018.0": 61,
    "2019.0": 63,
    "2020.0": 59,
    "2021.0": 85,
    "2022.0": 49,
    "2023.0": 156,
    "2024.0": 289,
    "2025.0": 64
  },
  "capacity_by_c_rate": {
    "0.15": {
      "mean": 350.2,
      "median": 350.2,
      "max": 371.7,
      "min": 328.7,
      "count": 2
    },
    "0.2": {
      "mean": 214.46734375,
      "median": 172.6,
      "max": 711.0,
      "min": 11.83,
      "count": 64
    },
    "1.0": {
      "mean": 188.96499999999997,
      "median": 127.905,
      "max": 552.0,
      "min": 15.24,
      "count": 76
    },
    "5.0": {
      "mean": 125.1625,
      "median": 93.15,
      "max": 380.1,
      "min": 45.43,
      "count": 32
    },
    "10.0": {
      "mean": 168.83206896551727,
      "median": 93.6,
      "max": 495.3,
      "min": 38.0,
      "count": 29
    },
    "20.0": {
      "mean": 209.51979999999995,
      "median": 217.5,
      "max": 479.0,
      "min": 24.8,
      "count": 50
    },
    "30.0": {
      "mean": 136.95000000000002,
      "median": 84.8,
      "max": 332.0,
      "min": 46.2,
      "count": 4
    },
    "40.0": {
      "mean": 108.49666666666666,
      "median": 73.7,
      "max": 328.0,
      "min": 19.0,
      "count": 6
    },
    "50.0": {
      "mean": 151.10121212121211,
      "median": 90.0,
      "max": 928.0,
      "min": 1.5,
      "count": 33
    },
    "100.0": {
      "mean": 388.4080434782609,
      "median": 263.4,
      "max": 1207.0,
      "min": 21.0,
      "count": 46
    },
    "0.1": {
      "mean": 331.9412844036697,
      "median": 233.0,
      "max": 846.0,
      "min": 20.02,
      "count": 109
    },
    "0.5": {
      "mean": 211.9976923076923,
      "median": 128.04,
      "max": 652.2,
      "min": 4.55,
      "count": 65
    },
    "2.0": {
      "mean": 149.00568181818178,
      "median": 104.65,
      "max": 484.6,
      "min": 19.8,
      "count": 44
    },
    "0.0": {
      "mean": 304.1397297297297,
      "median": 210.0,
      "max": 894.0,
      "min": 0.0,
      "count": 37
    },
    "200.0": {
      "mean": 319.99399999999997,
      "median": 226.0,
      "max": 781.0,
      "min": 18.0,
      "count": 20
    },
    "500.0": {
      "mean": 256.41812500000003,
      "median": 184.5,
      "max": 586.83,
      "min": 48.9,
      "count": 16
    },
    "400.0": {
      "mean": 87.35666666666667,
      "median": 102.07,
      "max": 140.0,
      "min": 20.0,
      "count": 3
    },
    "1000.0": {
      "mean": 236.99,
      "median": 151.0,
      "max": 549.2,
      "min": 60.67,
      "count": 6
    },
    "18.9": {
      "mean": 288.42857142857144,
      "median": 229.0,
      "max": 609.0,
      "min": 178.0,
      "count": 7
    },
    "378.0": {
      "mean": 120.0,
      "median": 124.0,
      "max": 136.0,
      "min": 100.0,
      "count": 3
    },
    "25.0": {
      "mean": 225.0,
      "median": 264.0,
      "max": 316.0,
      "min": 31.0,
      "count": 6
    },
    "700.0": {
      "mean": 137.0,
      "median": 137.0,
      "max": 137.0,
      "min": 137.0,
      "count": 1
    },
    "0.05": {
      "mean": 244.04210526315796,
      "median": 256.4,
      "max": 459.1,
      "min": 13.26,
      "count": 19
    },
    "80.0": {
      "mean": 34.0,
      "median": 34.0,
      "max": 34.0,
      "min": 34.0,
      "count": 1
    },
    "15.0": {
      "mean": 78.33000000000001,
      "median": 91.3,
      "max": 97.74,
      "min": 47.79,
      "count": 5
    },
    "150.0": {
      "mean": 173.96,
      "median": 173.96,
      "max": 173.96,
      "min": 173.96,
      "count": 1
    },
    "4.0": {
      "mean": 180.33499999999998,
      "median": 180.33499999999998,
      "max": 199.67,
      "min": 161.0,
      "count": 2
    },
    "0.4": {
      "mean": 145.3,
      "median": 145.3,
      "max": 202.6,
      "min": 88.0,
      "count": 2
    },
    "0.6": {
      "mean": 130.3,
      "median": 130.3,
      "max": 181.6,
      "min": 79.0,
      "count": 2
    },
    "5000.0": {
      "mean": 330.0,
      "median": 330.0,
      "max": 330.0,
      "min": 330.0,
      "count": 2
    },
    "2000.0": {
      "mean": 213.5,
      "median": 213.5,
      "max": 327.0,
      "min": 100.0,
      "count": 2
    },
    "1.5": {
      "mean": 374.0,
      "median": 391.0,
      "max": 457.0,
      "min": 274.0,
      "count": 3
    },
    "2.5": {
      "mean": 254.66666666666666,
      "median": 267.0,
      "max": 347.0,
      "min": 150.0,
      "count": 3
    },
    "3.0": {
      "mean": 205.66666666666666,
      "median": 211.0,
      "max": 284.0,
      "min": 122.0,
      "count": 3
    },
    "0.25": {
      "mean": 128.9,
      "median": 128.9,
      "max": 128.9,
      "min": 128.9,
      "count": 1
    },
    "6.0": {
      "mean": 172.31,
      "median": 172.31,
      "max": 172.31,
      "min": 172.31,
      "count": 1
    },
    "660.0": {
      "mean": 152.0,
      "median": 152.0,
      "max": 152.0,
      "min": 152.0,
      "count": 1
    },
    "0.8": {
      "mean": 298.70000000000005,
      "median": 298.70000000000005,
      "max": 422.6,
      "min": 174.8,
      "count": 2
    },
    "170.0": {
      "mean": 69.94000000000001,
      "median": 70.80000000000001,
      "max": 105.2,
      "min": 33.8,
      "count": 20
    },
    "34.0": {
      "mean": 88.65454545454547,
      "median": 89.1,
      "max": 120.0,
      "min": 72.4,
      "count": 11
    },
    "85.0": {
      "mean": 82.30000000000001,
      "median": 82.30000000000001,
      "max": 87.2,
      "min": 77.4,
      "count": 2
    },
    "340.0": {
      "mean": 80.76666666666667,
      "median": 79.6,
      "max": 89.9,
      "min": 72.8,
      "count": 3
    },
    "1700.0": {
      "mean": 57.620000000000005,
      "median": 58.6,
      "max": 65.7,
      "min": 48.4,
      "count": 5
    },
    "3400.0": {
      "mean": 48.666666666666664,
      "median": 48.2,
      "max": 54.7,
      "min": 43.1,
      "count": 3
    },
    "68.0": {
      "mean": 89.3,
      "median": 89.3,
      "max": 89.3,
      "min": 89.3,
      "count": 1
    },
    "850.0": {
      "mean": 72.6,
      "median": 72.6,
      "max": 72.6,
      "min": 72.6,
      "count": 1
    },
    "2550.0": {
      "mean": 60.8,
      "median": 60.8,
      "max": 60.8,
      "min": 60.8,
      "count": 1
    },
    "0.01": {
      "mean": 750.0,
      "median": 750.0,
      "max": 750.0,
      "min": 750.0,
      "count": 1
    },
    "60.0": {
      "mean": 68.80000000000001,
      "median": 68.80000000000001,
      "max": 71.9,
      "min": 65.7,
      "count": 2
    },
    "14.0": {
      "mean": 177.0,
      "median": 180.0,
      "max": 181.0,
      "min": 170.0,
      "count": 3
    },
    "28.0": {
      "mean": 167.66666666666666,
      "median": 175.0,
      "max": 176.0,
      "min": 152.0,
      "count": 3
    },
    "56.0": {
      "mean": 147.66666666666666,
      "median": 154.0,
      "max": 156.0,
      "min": 133.0,
      "count": 3
    },
    "140.0": {
      "mean": 125.33333333333333,
      "median": 132.0,
      "max": 134.0,
      "min": 110.0,
      "count": 3
    },
    "280.0": {
      "mean": 110.33333333333333,
      "median": 116.0,
      "max": 118.0,
      "min": 97.0,
      "count": 3
    },
    "560.0": {
      "mean": 84.0,
      "median": 94.0,
      "max": 96.0,
      "min": 62.0,
      "count": 3
    },
    "1400.0": {
      "mean": 59.333333333333336,
      "median": 65.0,
      "max": 67.0,
      "min": 46.0,
      "count": 3
    },
    "2800.0": {
      "mean": 28.0,
      "median": 32.0,
      "max": 35.0,
      "min": 17.0,
      "count": 3
    }
  },
  "top_materials_1C": {
    "Sb2S3/S-CM": 552.0,
    "P@CNT": 498.0,
    "MoSe2@Mo2CTX/C": 484.4,
    "Co9S8@C/3DNCF": 438.7
  },
  "capacity_trend_by_year": [
    {
      "publication_year": 2016.0,